livefans_artist_id,eplus_artist_id
6206,55513
5601,50632
441,1901
7312,64468
82481,63196
4979,46712
5786,24443
38421,54669
4716,1252
43902,67488
,96611
5934,40359
58020,70266
5935,70287
6418,58316
,54911
81648,89817
44195,67893
82711,90721
11770,26144
75326,71340
52559,60619
20570,60597
28096,62807
3632,5053
1997,4421
6434,52608
36996,63937
4860,27142
27488,59046
11671,55297
,4508
3493,29593
106,4849
79936,71513
51,32729
44972,68185
28270,61218
53,2007
108,2450
2413,2556
18730,35070
10232,49418
,90150
12260,60114
,2789
17919,34361
2944,2888
49881,922
61672,75041
5024,51853
13230,58226
2011,2877
54860,59456
2861,4777
8634,37701
1394,89138
3125,20992
37279,4162
7507,31794
7566,58437
2969,19696
3098,6487
6968,48072
44753,5364
68964,69255
23967,68405
36344,60266
1900,4771
41713,65928
36104,59829
3283,23066
7151,42050
19755,57178
61452,4100
5248,28124
35178,59836
5962,54558
8274,51907
8397,45034
257,493
28238,61447
26579,6869
37675,38798
4317,4733
18122,56228
1706,3504
2047,10478
3640,3716
2023,40303
932,3505
8548,57500
855,7039
,61151
1705,34356
4026,37097
,89174
7933,52276
6608,46835
,71687
57377,69572
10377,55436
29212,67871
78178,93848
60154,68383
24445,35103
62441,38405
10403,49094
4861,32435
619,28022
44595,65561
7739,34955
4551,2282
27679,64138
2897,2114
6256,38197
69420,84390
6770,41558
62300,72089
48351,75388
24950,57282
1796,494
107,5548
4058,24703
65008,73312
35888,68177
20629,44770
1531,6488
8941,53072
24263,59616
765,2254
20623,2288
53740,69721
3486,2261
7382,2049
,75769
10104,14192
7509,53588
40759,2464
3404,15753
2117,923
320,6870
20836,58507
883,1427
7485,33997
882,33807
883,1427
25058,61503
28610,62916
27538,59676
38339,64792
33303,64810
33080,60033
22602,62944
7681,36138
7984,46976
19647,59032
42286,71580
14666,55298
62684,56389
79228,66286
1054,503
34638,73728
5213,49950
521,4481
14077,54077
69497,73379
,59575
32460,63146
133,1997
2449,31262
86896,72152
15499,66565
475,1253
8197,5294
44418,24343
294,498
,83966
55182,69207
3398,33107
,59537
16797,58961
8912,51351
285,489
,60651
77694,80509
587,6722
61031,73897
10300,33098
286,2116
8416,83290
20020,17553
1649,504
13759,58962
9654,23287
3333,5602
54648,62524
520,6877
76976,90818
3151,37872
69433,75369
,22178
64199,59214
29983,45774
3722,36026
67646,20984
52035,62112
48513,70368
3941,19776
2436,2629
7156,37425
6993,43366
949,10648
35051,68417
621,2546
5134,33850
,83671
2073,2682
31439,64802
39200,64502
56359,3508
12007,54100
1581,5526
2490,5920
4794,38599
82395,97554
14122,55216
28237,63966
14448,33215
24357,60382
60046,69533
8045,15391
74341,73203
43494,59344
4051,37715
37559,72353
3934,23286
45366,47249
1876,5609
61034,68296
,86227
171,1910
48483,66446
15825,53815
5277,43902
14527,549
,63702
4055,550
37028,63905
2801,2705
8423,54944
35226,65944
15618,59974
12201,40974
1661,5901
54497,4962
5860,24714
69523,82516
7559,54682
23869,58428
3361,36638
15659,60138
1656,38827
3331,6660
4219,1962
19392,59097
3492,13010
12364,31451
21297,53754
32087,61217
12139,3171
6239,34518
1003,2069
292,2734
4952,37825
12973,55936
,6496
289,36179
24264,51910
1559,6661
30436,63047
45949,70133
33169,30462
568,1977
2143,2262
32476,70909
62610,75264
8973,54789
10854,45639
48602,49355
1999,1955
69799,81076
1812,1421
2002,1915
27750,46577
9349,44429
2958,39211
176,20927
7903,4475
12134,47418
4792,24312
7790,46740
74057,82847
74622,75181
24,9226
55481,68274
62194,70084
12203,2068
6938,38917
1816,915
,82065
31048,560
,81792
1005,571
4948,40055
61969,72312
,60921
31956,59324
2089,581
70909,57489
10199,46680
4788,5946
23156,66333
6197,56620
1666,3208
18581,61822
17639,57258
,86574
20316,61909
4365,1415
9973,52717
,54169
49397,68667
5883,34161
20778,60694
,69375
9877,5903
962,928
20109,69174
2956,4885
6404,59017
44617,67574
10292,7042
44529,81866
4925,34139
,59323
143,902
18012,61962
1584,1909
8109,54492
,36429
3678,38168
1208,34736
80128,88242
4369,40792
49469,68036
11274,52714
86,6724
5008,17526
8478,35710
632,4631
6255,38617
2952,14648
13184,55201
4122,5935
21272,59056
14112,58224
13548,57578
71506,80928
4944,3803
7643,33873
1720,18389
19386,47408
13939,18968
18195,55506
3256,16418
1817,1569
122,554
1721,883
28600,65912
10276,51093
479,1440
1547,882
951,4408
13043,57237
70148,59750
4168,16093
,80412
25605,58851
3741,2580
,2213
43763,66244
33524,68989
9838,7043
21718,84498
,45694
7625,54088
,80713
7997,51420
4118,47293
58727,70567
166,1325
1870,5581
2817,557
7808,42825
13231,53645
19843,55302
,58596
3425,31510
33992,61257
,67039
480,586
25245,60034
2062,10581
78147,85748
12699,42584
908,564
1719,1912
7767,53751
,73482
16388,2661
15271,57316
4809,42434
844,4117
45373,1964
38148,69464
56713,66998
3426,6282
12052,55863
14751,49093
3571,2548
737,5529
309,16335
8110,51952
60692,73733
4846,5948
602,20027
1577,2896
118,623
884,3095
44849,60322
17213,51579
331,40801
1540,4964
52223,68354
2457,32630
37604,65149
,17786
19521,57664
10174,60483
21595,61896
12509,20488
5320,58950
28414,70282
,74817
1821,2764
4727,23129
78041,86533
2943,4951
4993,38496
293,35096
52187,67659
12549,48721
2154,17488
53843,68273
3155,34630
29558,60739
4563,2137
13447,52601
3091,14574
922,78552
764,19809
17344,53504
4468,3215
1662,2103
8051,65140
763,32349
1793,15113
32352,64189
3311,2082
71028,19972
7516,46103
5218,43006
69354,58223
,3885
965,8646
26771,60944
23415,57583
1818,3888
19501,54192
3100,19114
583,6668
7457,61579
3147,27307
921,618
35245,655
13760,11152
32008,66152
76492,72983
5132,35181
,59524
41978,67610
54498,89447
19785,61677
6599,39696
,68253
20591,60123
26982,72150
11041,39751
69062,57658
68286,95995
1022,4776
30062,66729
8183,6284
32029,54053
3119,30004
3174,1989
7832,63545
3407,38382
1585,1996
18180,2425
27543,66357
74134,82750
62261,68737
31236,77946
10173,35109
1773,611
17978,56224
2014,81450
6690,33398
,60882
448,23074
79090,84354
23133,61140
3046,4169
5294,45358
2032,632
6144,6914
59617,68406
26,3022
15647,55063
44938,90896
1591,17707
15957,57102
2059,2074
64456,73886
56988,58502
3129,37700
2058,612
14639,31350
1844,37901
17874,57925
45506,68467
11111,74098
83853,38184
4713,35146
3564,31611
26064,80745
9837,71058
4705,5902
14482,62805
65245,71458
32614,63518
2715,624
10370,30656
22397,607
10138,53480
21671,65919
79221,87307
6322,44957
12829,608
65762,72317
10322,48179
13216,51692
59641,64582
4609,74073
54039,70507
2751,2650
10215,25274
585,1273
1728,6677
25380,59794
569,40442
16262,43808
1731,21706
82147,82751
5216,41732
9965,59110
10864,58319
43314,3016
5838,11456
13635,47385
78148,92567
3405,3056
24274,59098
60782,69948
2448,3211
5906,37410
,53749
12425,59388
5508,50482
135,2129
5973,1248
328,31582
8895,3806
740,6683
36905,65401
2765,1979
1774,1242
9689,43599
74676,81621
2742,2086
1776,654
777,627
1039,2541
5135,15409
2516,1221
919,2080
601,44026
14330,36120
69575,70154
46320,87653
64183,32782
2725,622
187,628
1775,4478
3718,37098
44985,82794
66897,74750
26354,61570
2072,2448
13249,39186
8125,40470
10231,81668
9798,51744
77781,85669
5896,1236
4911,26203
603,17575
62995,72194
23299,54608
1825,3218
,6854
2034,633
2945,3010
3135,41477
65564,69154
7770,43306
1768,932
4910,34178
7478,33308
5391,44687
29995,60490
20369,57417
58498,81978
8552,26054
24583,69485
5445,47857
5078,83551
83556,82200
50623,72207
35870,68898
47782,67806
78317,72432
83262,82509
59437,75373
5540,5994
1937,24994
3590,2398
5217,1243
84719,45180
24109,70952
19,2289
735,26044
736,621
55695,73818
73589,71183
38400,66518
31929,64252
57105,72869
14805,42522
9541,52553
47080,70919
,72475
,60505
37370,66663
1004,23018
59083,72973
,42780
41767,80647
,51424
17110,59622
27012,61996
,682
68428,84177
8522,3180
11961,56017
10007,55177
10132,55183
3294,2316
20959,3513
474,2611
50577,68625
9656,11491
47178,67262
1713,713
25938,52435
63484,73052
17324,56503
11038,1918
5381,43566
3559,5095
20988,61070
1532,21820
28577,65619
17869,56296
2521,668
1834,665
3400,24003
60154,68383
182,4858
13512,40039
46543,75247
852,680
2017,21446
11514,57776
,67270
5868,6290
11966,56089
64514,72532
7503,32836
967,17826
66910,71512
3036,2468
865,15008
7363,5943
2920,20088
,57777
359,679
1583,2048
1496,719
2060,6694
14807,55101
31759,65861
17361,59447
65576,86490
25,2089
20954,62478
6728,31715
,31287
7561,49342
10633,59823
6864,52494
27053,61045
11515,54257
14332,664
275,1965
,68421
4039,5385
42075,4096
2965,32324
5734,46612
1582,669
,64909
542,19381
14413,54457
6721,31288
3142,38828
23593,59443
1639,3514
62829,73717
6756,44678
198,3631
4057,5100
4040,14608
1943,698
43366,50968
10471,53027
25762,40209
32105,68823
64280,70572
47547,66865
779,5938
61239,70406
10105,41236
936,80074
310,708
768,676
13336,56689
6398,7050
16588,68706
1797,712
14220,45072
628,5105
43204,66985
9995,37662
5638,51672
25006,43591
42,4765
16450,63361
2389,5692
30916,64749
3095,20111
2051,3124
77,1223
6731,36855
22007,59379
1037,2423
11375,683
557,892
14733,55407
471,673
5604,57876
3149,41309
15870,55811
4041,4180
203,6974
1089,2434
9999,46865
20644,82267
2942,33776
16198,55422
46636,68997
6994,37421
4907,33898
25332,60276
24423,82081
7771,37246
726,5386
11949,51746
78149,85433
4742,2212
4374,2846
2733,2492
52273,66877
,86621
3133,15203
28000,63971
25055,55723
3272,34629
4033,36250
63986,55221
25289,807
27328,64059
52219,71616
18771,58583
16930,50994
8019,42446
6732,38410
6257,38815
9657,22177
3085,13589
30283,58603
8171,895
491,2686
1726,941
223,15249
13897,55118
1727,792
6603,34144
79220,87323
13543,61407
2174,1261
10044,36192
3744,85386
11269,60680
6121,53427
6466,53110
4750,1232
36128,68052
634,32582
56670,69506
,55132
14614,61248
18279,60323
6433,54737
633,2119
,49232
1090,5389
,6027
6409,36123
8028,38477
12893,49424
23,799
9532,44175
5156,42210
9682,54177
9329,60074
191,19811
7614,32451
2119,1929
4711,36719
582,2001
19195,40839
2166,1925
9397,44189
3980,2106
6957,2579
10676,51013
46320,63847
27343,61021
202,1249
287,34375
35382,2584
25994,94336
,35745
23687,50887
8682,49316
13940,37840
36484,59276
80824,70358
9676,56708
55426,70650
261,761
848,5708
10825,3227
4953,5712
4137,759
7210,66396
4438,29926
6936,27921
2473,789
6186,2894
26533,60646
34073,59043
17460,58031
,43016
1098,37534
,41432
4024,44853
8619,44965
6146,26370
54746,72589
5873,4417
192,747
,46423
6143,30443
,71540
524,7051
80120,68673
3043,3281
57428,70132
9843,40047
69407,73947
15769,55425
120,751
1708,2113
2926,2164
25071,52984
3145,31420
1704,30343
8023,40235
4250,896
52391,71283
27534,62488
161,943
2019,2351
7578,55227
2007,2447
3102,26644
2235,2598
2698,36752
3961,2847
67630,69560
23551,63263
22764,62815
10023,51908
3416,10870
566,5718
,69990
56464,69436
5710,45057
2351,755
15653,57959
2293,2893
6045,23019
9486,2172
29057,57623
46033,70006
7562,45772
3092,6701
12157,56538
49036,65845
7536,53640
28157,64826
24292,71878
6698,30402
,97912
9413,43415
1838,3873
12576,42072
24275,60484
1840,2441
31292,66238
5238,2013
2898,26083
,79477
37584,55516
17817,58537
2764,793
447,32793
7510,44803
,57676
,73199
19617,50062
33,63854
550,2379
4887,53916
80857,83768
446,2317
43870,69208
11351,38329
859,3228
40079,71838
10855,44586
8894,36248
,67371
4816,44731
62491,72866
7560,54242
44593,65312
75860,6907
25144,61187
119,945
5303,42625
572,51758
10277,53366
10386,30934
7955,34118
30849,62291
8927,45530
483,23884
39164,64780
56564,72407
14239,58128
44267,59486
9511,44676
1841,947
75076,71505
7673,36439
2796,5274
,21827
11171,33914
1650,1277
10956,52610
15820,64310
284,52498
3148,38170
9278,48225
236,35772
3652,25492
5224,46244
51468,63414
2726,1957
29460,59884
54243,20516
42779,71453
79390,84948
37628,64963
2266,1366
13913,32011
31293,63979
3066,2680
2949,20823
25124,64315
1758,1988
7123,29577
33173,60169
56689,71934
54770,69027
67466,85951
9191,58660
4843,4851
2021,768
31983,62727
26429,69703
16805,57589
4315,1231
3152,45173
20841,59213
494,3125
17615,69190
24360,61727
2786,2538
5529,34140
3266,14744
6150,43948
12087,62597
23164,66613
2721,1952
30524,53184
2004,2066
1760,1251
56283,73083
170,920
6755,52091
39869,68047
4185,42275
16800,58358
6244,52696
164,815
3257,24983
44441,67731
1103,3230
1915,832
57766,70263
51436,17179
60695,73814
2947,23078
37694,71976
6487,82803
1747,811
30498,58640
8103,6524
4064,27870
16266,55518
5467,57256
48841,69440
5158,45352
86185,96738
47959,70196
29430,64212
83368,86871
9394,60963
,82993
123,819
,42185
38766,67821
8072,52364
6142,16968
4931,73920
26246,44979
22499,62705
492,3192
38134,65367
60694,73734
96,28127
6141,36379
38749,57137
1846,1969
5325,35167
6028,28051
586,24522
,89725
306,821
18015,51572
503,24004
,59688
4044,12278
66499,81548
9674,52334
58504,74731
15060,57843
55934,69274
14607,5965
,57259
6259,2190
3049,2604
31762,60394
61722,74042
27372,85318
60271,72855
63436,72484
1795,1432
62168,72621
1752,15367
2377,2839
15258,64261
13118,44310
4045,2404
52285,84675
406,5164
183,1936
29513,80791
1535,1353
25877,2876
3154,20937
8225,47073
616,3289
59639,72216
12154,30992
61701,74009
2010,3234
1992,854
152,855
77737,83282
,75525
186,26086
3093,16186
22501,60300
,55718
8066,15422
4407,37575
36386,66740
10234,1328
5307,34091
42091,65644
58832,73061
26681,63449
56478,72249
44537,64781
10239,1939
580,1272
65803,71072
627,20051
12177,43449
43655,87238
2390,2529
302,1940
,61694
2003,2439
4043,866
32647,60142
366,2050
53952,71853
255,6526
9057,44862
46443,61650
7355,42513
8516,17177
739,3821
74644,87522
10323,53324
71421,71882
3429,31498
296,1225
23233,57714
7582,50513
8899,55600
667,868
1746,2832
,48057
23685,58974
8436,41308
65636,71535
7573,56747
34461,60019
8346,40621
24566,58840
9618,62781
11688,57839
,63490
160,1348
3206,1340
39871,69567
24943,60425
9648,52096
11810,53084
3668,38166
8841,53113
71843,91777
48616,71397
49156,67978
14171,62977
9013,37667
72746,82617
7255,44050
,71215
4063,5134
1998,9996
575,872
51761,72641
10203,53816
1739,2608
56637,68290
319,865
12473,43196
46717,70654
14281,33640
1516,20015
2258,65331
9679,60003
39863,52367
2948,4410
76364,81822
5991,41802
8862,58722
5379,45353
12786,54482
32346,62327
20717,60126
570,29046
,43635
5253,6321
11837,59282
16370,44886
6684,871
,63745
1847,71773
153,2332
,72506
7453,50881
30145,42580
14270,55097
45056,64402
588,2931
30361,40599
9584,47095
2783,2371
3054,4892
74869,82730
4917,20936
31800,44983
37471,2314
19447,54672
2153,2524
15958,59885
69817,74865
39340,66125
6748,16047
63008,80850
34683,64910
8509,2141
43328,67031
21152,59389
7688,50895
9316,71285
6699,48358
22666,3240
21333,58811
4394,65787
1756,16627
9417,32757
12721,61402
2056,18829
69929,81983
63386,71062
10578,51145
4880,41733
,86108
6179,47237
59310,70921
2030,67820
7512,1527
54134,72374
1229,5577
485,58136
,45400
11000,65683
23257,67290
1922,1323
4765,524
50420,38904
52,21414
141,25763
39788,62373
2078,5273
46416,66274
4410,4517
41583,916
4556,2255
,74851
19435,57844
11884,62828
19436,64835
8548,57500
4564,5304
1344,527
7425,2030
175,534
59332,3484
12539,56737
18868,55735
63459,68736
2152,23097
6675,41810
17930,1531
1933,905
1961,2072
10293,23883
4502,1904
15881,64827
11544,11306
,72451
46010,67837
607,509
4700,3798
2024,2765
1109,508
37378,1533
4060,1351
,70301
22031,57513
56493,69575
11370,890
,68641
4527,3877
80081,49976
1974,2205
37337,94574
4590,510
9743,3258
,39812
5635,14468
4503,518
6596,46328
94,4106
2697,33480
7881,5495
1664,517
34283,19462
5211,47768
7466,15199
1717,525
240,2047
1276,14430
,61818
4660,4015
6075,5372
2921,3307
,19465
299,26772
17226,55860
48159,66141
3116,5066
4335,21946
912,530
8113,4519
2809,79722
259,513
4702,2173
13299,61578
19894,45356
1908,520
1371,2143
138,521
4568,522
5416,19453
9421,68258
38515,94178
78144,72669
276,3017
12051,3309
7798,3311
2013,561
13622,80584
,36637
2075,12984
1851,567
17999,61100
11133,69522
12757,53056
65076,75349
36952,64419
4570,2331
7254,7022
4457,2472
85285,96180
25586,64420
50421,74071
537,50596
1864,1326
158,1905
4377,32001
3427,33823
139,6495
288,1216
4531,2006
,78164
1292,31640
4507,1907
,3559
7494,3310
33063,52932
904,568
4659,577
,43987
11344,30764
4722,3203
149,4171
,81824
443,21231
47169,68093
1659,933
18926,67631
12030,4113
499,19101
1166,569
20094,602
145,21346
1042,41144
17207,499
5927,1305
147,37113
8529,54408
250,4019
10034,52912
678,40949
37766,74371
1326,34236
1735,3174
,3428
18573,35462
36073,66040
2488,3723
4739,1220
4923,59475
18484,58700
34518,80983
,62834
7426,551
9412,2878
14306,1318
32601,94930
3138,40044
7474,1257
6977,573
8133,5379
17322,53114
63730,77997
43349,64937
1883,570
7884,53379
38117,65572
1919,634
1336,636
45404,59562
4757,2494
24162,69187
14298,69577
55824,44066
248,28406
1010,32056
8738,606
23587,33956
9857,83151
1905,630
,87785
4464,5947
14837,55498
5954,4119
,1406
7471,38850
79217,50864
885,1166
,63990
2927,25288
,66850
1132,28224
780,629
12800,6959
10871,56085
2041,637
26052,36919
1901,1438
,65154
63624,73194
5649,52250
27644,1978
,74891
2199,2322
32510,35129
18322,50696
,6247
574,28203
,589
,62573
33635,62436
8204,39423
63622,70376
6,4718
1624,1346
33573,30938
269,31649
14247,57924
,42101
,67750
4631,53432
14661,43915
,2606
,68619
,60920
7502,3724
39787,73928
11006,57117
174,626
5000,70246
4428,3725
5657,14432
12820,1347
4088,2407
4474,2444
3390,5987
927,20123
5924,6285
4429,653
4694,4184
32031,64977
,83659
2412,19088
7448,3275
910,642
4475,6007
18859,69757
,7036
9422,55176
16690,60714
7374,43914
,31651
4479,3276
53826,4813
4764,15971
,82426
,92471
4510,2496
1935,648
7412,2683
37565,58281
8531,64828
19675,35183
4071,5980
5223,2555
314,6895
4480,705
13621,62649
124,690
26837,688
972,2452
5250,40764
36721,687
1207,32057
5922,685
25774,70387
8372,41608
70387,84205
60791,97493
4688,18706
1094,704
5745,1036
5769,36654
15634,47592
22680,55347
1757,492
21696,57497
,39958
9671,58126
1006,21466
26692,64314
13276,31187
1942,696
699,710
4172,670
7522,53346
39089,52296
7697,3179
8630,41799
,1339
4714,6693
11019,55124
2048,25647
2070,667
67738,70334
9896,30323
4614,695
23386,4526
7611,50054
968,26350
5009,45974
127,675
6787,35956
1462,917
14,34357
62942,72397
62682,54685
3469,65969
,73953
2459,19489
64825,53945
7710,1343
39432,62022
1393,711
2661,14208
12010,40102
84671,94197
4576,1920
,25275
3999,677
2424,2165
9170,59160
17714,67003
3899,58430
3300,2319
538,50597
,60685
3494,10889
74747,82526
,733
1692,29306
9461,1924
1590,1330
20870,23075
17046,10847
59375,74026
5324,48575
4577,723
2975,724
22460,67844
10295,23315
6293,23307
1940,1923
,19452
61741,72076
7523,3808
1030,6403
1366,731
26262,59852
2644,3902
5062,4324
4153,31685
17897,715
39848,31887
,55131
4756,29770
8546,90249
1986,2160
4966,6005
23641,34760
1866,1230
7475,2713
8817,1928
5342,46051
4109,5957
178,14366
13634,55456
1836,2645
5802,942
2044,779
37161,54928
36482,55057
9168,3315
71602,81318
11064,4232
42234,10087
7816,1238
4717,31206
1333,3126
14268,69040
6017,1426
15125,3603
9599,44047
13761,72090
8230,70756
3937,764
28960,69268
10903,2487
1394,778
188,1214
4810,48953
4400,784
48540,83291
25050,40081
,37222
7821,35740
4395,2139
23234,3184
12719,54483
5744,40090
31527,65236
18390,58324
58171,14226
948,782
278,4129
1383,775
1335,774
11046,2838
4391,1354
4392,31635
,78193
,35962
1349,3516
3394,53843
16483,2426
1399,1170
4581,1933
3988,25747
32103,43924
17242,40036
29635,57856
7777,736
8155,50057
7525,34763
62930,62284
5255,41607
13868,5291
2967,9549
4492,1932
1967,795
1988,42360
168,781
1889,21467
,38118
10208,3316
4121,59903
73699,73044
8231,38770
9177,4532
5399,36164
1002,834
4658,823
783,48632
31683,18676
4537,5961
,37598
1243,31999
9185,4853
266,828
1909,838
7149,4816
82987,71138
18858,64829
,68076
18404,37099
,35717
533,3147
17099,55737
7458,45544
4493,1971
17452,70332
9566,48232
640,3388
31034,6137
83005,72282
1784,3818
,57343
1959,833
2769,3523
9482,7052
7213,3524
70061,59987
2799,21247
5328,38305
9885,35458
8725,58465
952,3229
4538,1056
,33707
5345,2660
717,4483
,64538
4599,2741
55389,62759
66807,68588
14096,81865
5818,830
4517,3288
28236,5986
10621,35621
20839,69752
4762,39436
3478,2833
12323,15977
1015,2399
82024,82915
6924,52089
180,850
12804,54243
,72276
17754,61657
902,5287
7435,66886
15935,1943
1023,849
933,848
11021,40916
1067,3019
7769,32015
20444,1942
4496,5982
21931,61781
5738,26330
,74530
56284,42803
711,2821
4498,5132
295,859
4518,5766
1808,846
57405,30604
14146,35001
4583,857
13922,64750
39026,69169
,44089
15884,73514
1800,42500
5239,46637
5050,43777
,68351
,27666
,82429
4849,45897
14315,69650
625,3237
30793,5996
17453,69326
56714,69843
31344,59396
,3293
5227,47553
,1937
,14258
5208,40947
4606,876
,61449
38702,66752
54,2836
2036,537
72,1215
39315,69557
11978,54122
1331,22957
22094,3900
7468,24063
4595,10846
1934,2572
30288,61902
4523,996
,65200
18576,49420
16716,14727
,4686
4323,2817
1655,32212
37855,58385
32074,2098
,1390
392,505
165,4782
,75548
,23996
48913,72253
20779,23469
781,3263
17169,23815
74,4402
62286,70326
1994,2625
931,4669
305,3044
,506
9183,43178
800,5305
6420,53058
1237,5306
77492,41795
4593,1903
5608,21573
,93281
,20857
970,4102
11063,4159
13908,1004
4102,2658
4736,6387
39786,67963
4526,3903
4552,507
26350,46354
23932,1417
146,519
4452,2406
,6875
1878,2879
65278,65939
8889,40181
54292,69841
8975,47772
15855,1776
1244,5060
,69123
1110,881
11463,54399
2841,2703
5759,511
39846,44993
75217,87976
1798,495
1715,487
7138,35475
27992,65361
,68407
1637,35178
6966,72085
1938,526
11848,57420
22671,64897
85210,34648
4600,1007
2037,3507
159,3015
4601,1902
4668,548
2040,538
4567,3266
43823,66287
9025,59792
40132,89497
1858,514
1859,515
51019,67798
1860,59023
281,2620
1856,4871
1966,2206
11090,53997
2911,2264
151,1233
30323,91428
2352,535
13555,6493
10931,32348
11208,80881
988,15530
10905,58027
4338,565
1872,2155
365,3069
53857,66453
4663,3721
53886,74131
20716,566
1658,5985
45473,6189
608,575
2772,21258
1068,2671
,14886
935,4843
4506,1908
23118,23115
,51312
15889,1911
4379,576
6520,5927
29195,51415
36233,64497
18048,512
4761,33977
23868,39456
898,3120
6091,48398
8600,63851
32719,63295
1898,572
1886,5974
10552,3209
1071,1217
316,927
36895,81916
30606,62368
5004,40367
26263,59423
4459,1972
2639,580
7953,1914
179,1963
63839,73344
4243,2571
307,574
4673,21488
300,553
490,3202
2653,25689
4591,1913
4461,5983
12938,54098
5512,50476
1234,1218
30509,55301
61721,49974
5989,24781
4550,5079
7122,38978
9145,54525
20661,1604
10120,40432
45952,70659
57157,70045
1907,645
4463,3270
239,3380
5808,5082
28273,64330
5005,44459
6072,4120
56360,66924
136,3511
4469,638
19396,64187
109,884
18050,69227
9956,54738
1347,1322
903,3273
1657,2696
356,1970
4509,1607
1376,3560
4980,1416
5785,6195
,35695
985,15529
27093,66085
10890,650
36542,11226
714,2826
4545,4179
79227,87230
80275,72321
654,38078
177,20067
,57704
4309,31342
15245,1032
354,652
48384,43011
6133,53823
,54049
604,15791
92,43973
9944,20255
4477,10627
23402,37172
32465,69165
25767,23995
,80570
60049,41547
6011,6690
49941,4142
6071,44109
1203,706
62321,16506
60198,70885
1219,694
75156,54056
6524,88270
4483,693
1939,692
27371,57296
1665,2497
2015,21418
27904,74025
56670,69506
6697,63123
17906,2509
390,666
12777,54516
31,2291
2643,4442
4617,707
52775,4002
19709,68618
1228,6695
13616,2551
15261,4854
4704,1919
55427,75344
21312,81078
1332,1425
26732,1951
4808,1631
271,21710
19107,2124
591,41124
28652,63121
36850,64627
1346,6697
1334,1966
1663,732
19340,58619
1579,37921
156,10711
610,5952
22460,67844
36579,67123
4578,1922
1365,722
4435,727
14532,6516
61407,72183
4608,1921
1861,2046
7384,2345
5330,36976
10268,3454
25548,63465
14836,4018
5246,47033
51056,68194
66563,74099
17409,51522
1328,24494
15730,94492
8797,45480
,6210
61743,5956
408,2100
,84557
24946,31416
1172,28547
1026,1954
55887,72507
17072,33560
54577,1934
,6229
4334,25947
19424,62448
24040,20256
360,898
1978,780
1896,772
61486,95385
11087,53998
21316,32082
5310,34871
12006,4444
5544,67968
34595,68469
2972,940
68321,71820
4611,6904
137,2156
,80905
12208,44492
163,2668
1869,783
157,788
1125,40333
,82325
34654,82806
169,24511
4592,1931
1955,22107
34306,65410
15614,56950
665,794
62,2221
,3797
4032,36357
4322,41110
26805,3116
4607,4172
19778,66403
62959,71781
144,750
,46224
3496,29592
38346,65564
23226,70335
30867,63778
,73972
6005,83767
4760,12251
1049,826
1373,827
16808,32038
,65941
,70359
18309,62200
1174,16866
5384,52152
23441,21707
9242,3319
2080,27137
5329,44333
52274,69325
,67056
78046,21854
4446,5308
4447,1935
68403,94765
61115,81600
966,42442
691,2071
487,817
9617,23818
677,33385
502,7053
1914,831
1206,4173
34561,94858
2033,829
7482,5966
7438,38656
1913,2217
1668,1237
1965,918
4706,25145
4695,1944
29695,67494
11977,51016
1987,851
14055,59909
1906,4465
329,847
61469,70244
56387,96416
901,3321
,51150
6003,4767
1389,37379
36754,84888
850,43972
2339,3819
915,609
57900,87901
7499,860
1993,852
80257,71719
19239,64939
1165,41496
15598,59402
2829,2681
979,2631
9867,2161
2562,23376
36882,72780
6209,43843
5984,46347
12939,54560
,70985
3711,18674
65339,85618
256,19191
940,67238
80216,1314
66701,70331
38631,53433
1400,35860
1951,2701
1952,878
16283,54258
2045,1945
,81948
,4458
,3704
,19089
,47552
,97504
,4814
,88777
,20981
,1183
,2867
,1980
,81433
,53526
,472
,82108
,990
,45638
,1783
,5605
,1196
,4007
,64753
,2356
,471
,1788
,62372
,475
,4389
,2563
,1375
,3657
,46581
,1798
,3529
,27863
,19133
,1377
,1476
,20971
,11309
,2484
,5264
,2349
,3703
,6254
,2354
,22636
,15092
,1799
,3608
,3611
,3785
,35171
,1381
,22640
,21016
,32787
,539
,38363
,541
,1260
,5081
,6464
,1379
,3392
,25650
,69216
,1809
,48236
,1264
,63282
,992
,35124
,16510
,2979
,39715
,3393
,3382
,2527
,31172
,69795
,62522
,588
,64500
,58246
,32570
,21969
,2719
,595
,11206
,15867
,75223
,1825
,1482
,1826
,88254
,50320
,3794
,67231
,26569
,5252
,1462
,1266
,80355
,1837
,20558
,1838
,52058
,1839
,19117
,1840
,6259
,46221
,13160
,17712
,3567
,23270
,718
,717
,70771
,68170
,720
,2723
,2567
,14729
,90091
,18279
,86459
,46313
,19806
,68807
,82089
,19992
,32720
,2154
,6459
,65083
,44014
,56921
,17726
,6473
,16508
,37198
,37868
,51172
,75691
,2553
,46965
,4165
,802
,68471
,13360
,6233
,41491
,38982
,800
,66024
,39736
,16652
,3883
,36780
,6460
,20757
,86537
,801
,2203
,14195
,6640
,73486
,2822
,34396
,70072
,43481
,1265
,43537
,6242
,41812
,3399
,3609
,54278
,46372
,21157
,1195
,86784
,39201
,5914
,30865
,38817
,486
4746,1173
8870,33143
1088,2762
,45899
,65088
26174,482
72546,21298
4460,1974
9866,18353
44977,55256
732,3122
29422,45876
,29113
78609,2511
2241,875
4521,989
39483,46633
24560,63048
925,23490
5858,52090
41779,69366
23738,58122
33061,69828
25970,66192
5644,50224
27450,36514
,53924
5434,36502
54330,40168
73225,72819
5085,49995
62983,73631
36543,44495
34345,69659
6118,54564
1677,35684
12328,56946
27663,66556
5052,46892
68571,75323
24656,59173
5393,45802
79645,87689
,72332
25561,57010
1669,5369
54305,66564
30878,64933
25226,70950
25963,62626
58465,69003
5772,62780
80512,85401
20208,65886
55783,69830
43768,67436
33465,74094
54982,73839
43225,75495
40641,71017
4063,5134
5740,55877
81494,87347
207,6662
57162,70721
70319,78088
7986,36505
57783,74016
46456,72320
64566,74033
5862,45151
61242,82439
20147,91621
6632,81375
51894,74485
35613,67464
24187,55976
46711,69487
5885,45549
21444,61486
60010,70812
82718,89636
,69549
23890,58778
16402,54559
12342,34819
65039,73574
18577,70846
27655,59860
6104,43350
24884,58323
39547,68045
68504,74690
5433,83586
6458,86946
17606,62569
5431,91620
24190,62554
7214,53410
62766,14479
23776,59390
13726,56856
51135,80887
60527,81781
,73847
27654,67124
30067,61704
38277,64118
74090,80785
,86876
55692,69834
5869,51416
5054,40250
4486,59595
64588,73824
5852,47252
5829,51449
12271,53378
5736,31797
82236,56683
61956,74308
6509,53808
46031,70096
8175,46158
6567,53124
19398,56932
35955,63466
37,42441
20222,63825
64589,74047
5872,41341
10586,57287
39495,66651
21460,42443
11764,56796
12531,59545
5548,53026
10024,49938
60364,71206
71667,72520
54326,69226
44491,67744
69084,74467
34740,64507
34355,72492
5816,27865
,69100
66320,77978
29229,61521
15075,47493
54367,57341
7215,58131
35,2819
12269,60388
24189,56169
12275,65251
217,33277
5723,54762
80286,89842
11757,43767
69444,73447
,73721
2077,34759
,72223
16269,55583
49064,69167
28413,58814
,65483
53206,69550
30077,61422
39482,72491
5079,43590
5430,91618
70059,840
71603,81522
,81780
39481,68948
24655,65002
26227,58243
65251,46634
42056,69036
12532,69612
15069,50032
6353,51492
74878,83051
34773,68154
20090,65565
72288,75071
60474,74063
55700,74378
67534,12946
14750,54293
7361,53255
21543,60669
29959,61625
,82281
1249,33509
6848,38632
5793,40655
30903,60957
58837,82453
27448,58783
12363,2377
36283,58070
13288,44200
1323,44204
44064,58009
44062,31093
26941,4101
35360,44521
,40476
,66806
13289,44198
21317,31034
30902,60956
,3884
13287,22964
1182,21571
67533,73505
5813,36063
5812,4105
20434,30828
24371,54097
21073,57914
25465,54561
59234,72238
18665,53958
52776,69233
29827,62786
36238,67366
13791,57898
7542,51349
26763,52573
30863,58996
817,42203
6988,44223
1308,3717
,28546
14031,36499
38389,47404
34490,4108
69417,71717
102,30644
48505,58006
,93313
6987,31032
14032,37828
1137,20072
19261,56803
789,45712
13294,47889
5815,37007
14033,54266
,71605
15184,30646
10313,41470
277,4111
27026,56157
79006,62767
16645,38892
,69026
1267,35637
10227,35831
26425,58782
26422,58781
20970,63283
974,3557
,62450
68832,4114
,23787
8632,51911
592,35737
78344,30684
14664,20126
1278,22965
77681,63554
,4116
55121,40252
65776,36253
34486,54966
50580,67847
36212,5646
1218,13587
59436,36996
38384,35636
27029,56156
26426,35738
,60025
515,5649
797,22966
1941,635
50632,54697
1126,21572
14899,44217
,65339
1148,45607
4217,15424
785,3155
79,3381
29525,30648
59418,28542
24714,58284
16401,55348
977,7048
41596,42440
103,4123
37770,65141
589,35072
43455,61490
14898,6191
,6158
593,37008
20662,36066
23307,45633
71403,54099
,82030
,44203
6849,39046
29524,32246
49803,67606
13290,54698
30866,59022
,68799
47585,60804
16604,5537
,57519
54431,62163
31993,63459
790,3384
22953,92425
67999,65095
1134,6400
,37829
34499,51052
34488,6200
7544,52574
,70588
14896,33324
55699,65648
,84808
,50965
,91509
16644,55870
590,35736
55379,66433
48507,54050
57999,69066
803,30645
6989,59316
,63499
1181,33325
,64224
14029,36116
1301,15423
5975,30685
,39544
58470,63437
9218,53250
31994,58672
24529,53254
16102,40741
514,4126
,44708
6850,39888
1293,35817
87134,58035
1197,32248
1115,786
51046,64537
13293,32247
1185,42146
,58452
27449,58784
26294,35739
26103,52436
,39043
,51800
104,6305
67168,72995
21076,42503
1135,20073
5810,34076
7545,52575
796,44216
32383,62160
,87858
5610,41368
26149,68110
15127,4130
16646,42740
1981,3387
62055,81887
16600,44221
1980,21037
38005,45718
52185,54267
518,25491
37792,62765
,66452
,55238
7540,52572
,6176
15894,41871
939,2334
31404,53960
48506,4133
23252,4134
7541,52576
,37136
4754,14476
5136,47358
25467,61542
44063,67348
1261,4135
10562,35830
101,26456
81333,54292
14030,41140
,54563
30864,62080
48070,58457
65639,61489
8154,4437
,69502
28046,62161
59233,59924
29493,59001
55404,64925
12936,67823
13291,52172
45443,35485
,55718
47589,60799
12126,42868
793,30647
37791,58997
65981,42604
18891,55939
1263,43069
79865,62766
53010,73921
,84967
5269,48760
,83459
55392,69275
,5341
,24717
,5317
38877,75062
,59758
,68728
,56969
,80957
,96924
31041,3349
,5503
,44535
,29462
,50152
,96741
,23962
,5344
69020,66671
,55202
,44649
,93292
,90096
,82903
5273,46197
,14647
,42286
,65495
,68664
,42293
,3045
,37297
28106,73925
34296,64593
55714,82749
77503,82898
,84315
,68529
64239,75635
30797,63602
36823,65659
15517,61003
4304,10447
7521,53503
80520,87472
26587,52372
32067,81058
34597,31976
5614,42305
5739,24751
26591,59133
,35429
7369,42285
,81797
67532,44519
,75631
26862,59627
27986,57290
,49032
11788,81738
83797,83464
,57418
13309,51142
,59755
10547,44534
17894,64989
79995,82148
48900,6552
54424,81761
48552,77949
5264,39700
,31108
5611,20559
32808,70666
,93701
37788,66506
8432,46205
19374,39591
,50720
,6095
,32565
,57760
,93507
,31776
,61929
,42288
,93003
,4732
,45698
,48372
,37299
,32797
,6084
38868,75064
,4195
81972,84506
20543,73725
25761,58742
,63140
10130,44539
32690,27987
,52501
,14649
,46115
6527,46232
53111,68415
,92706
17952,46212
30799,59696
5613,35682
5598,46202
,40779
5053,42297
7371,2970
,2969
5949,41369
39508,82280
28181,65643
5271,42303
54671,69068
21473,58001
,42865
,46211
65605,6089
,87977
,42302
,59198
25573,59757
4985,20563
15864,12510
83361,96781
66487,87519
25488,84954
,61929
66751,96399
,71985
,613
,11458
17878,42292
4302,3546
,85434
5524,42284
,84503
,6102
,36372
,92986
,3626
,55759
,4088
,64796
,54919
,42294
,44538
43773,74477
,83783
5523,42283
,57236
,44517
21979,6987
70462,84962
71493,85891
78500,44541
,2278
,82203
,30005
,57516
,45695
,69172
,45163
,25287
39101,49935
,46208
30295,51010
,53016
,5205
,40236
,11106
5522,30333
,5207
,44670
,6109
,75115
,45578
,28885
,64845
,5206
,57216
,69850
16029,54878
6782,42295
5265,42296
6965,42300
10576,45579
,85435
,27316
12194,57039
84866,86688
6264,42304
44444,66599
45189,82150
1199,3628
,46216
,51002
,70674
13695,54889
24140,57488
,53036
18928,6550
55131,81040
,64791
,92998
31152,63306
,59945
,53430
,46211
,82086
,86883
,46453
,2954
,54370
,74490
,62760
,83195
69418,77975
15119,55076
20598,66917
2687,23304
,69853
,85060
24159,58140
33081,81420
5266,43367
13694,54888
52303,80893
74425,84504
14360,55616
49966,40923
,85060
,48957
,82901
78341,6086
5123,83717
18565,44424
5267,42204
55734,46132
52218,6535
21824,42299
,84426
,93335
,85296
6783,52071
,84955
,86952
,69052
,5726
,84507
,86910
,42170
55739,84963
,69321
17357,49195
357,1967
,88718
13693,54887
,86514
15531,54156
39475,65846
68054,73890
79994,84604
,69988
28011,83462
7370,46203
,59760
70887,73168
,83862
,98039
29794,42866
63022,74491
,46032
,89723
,30950
,37035
,5968
,58130
5268,34498
62610,87520
,96925
58570,70672
10237,86847
,93434
,3299
86354,75063
,3156
,42306
32535,54270
50801,75322
37072,64846
1756,97043
78496,44523
12207,42298